,WD,WG,SD,SG
MD,0.050359712230215826,0.02877697841726619,0.007194244604316547,0.014388489208633094
TD_ET,0.05755395683453238,0.04316546762589928,0.02158273381294964,0.07194244604316546
TD_LD,0.12949640287769784,0.02158273381294964,0.014388489208633094,0.04316546762589928
TD_NT,0.19424460431654678,0.050359712230215826,0.02158273381294964,0.007194244604316547
TT,0.12949640287769784,0.04316546762589928,0.03597122302158273,0.014388489208633094
